species,class
Acritoscincus_duperreyi,reptiles
Acritoscincus_platynota,reptiles
Acritoscincus_trilineata,reptiles
Acrochordus_arafurae,reptiles
Amphibolurus_norrisi,reptiles
Anepischetosia_maccoyi,reptiles
Anomalopus_brevicollis,reptiles
Anomalopus_gowi,reptiles
Anomalopus_mackayi,reptiles
Antaresia_perthensis,reptiles
Antaresia_stimsoni,reptiles
Antechinus_adustus,mammals
Antechinus_bellus,mammals
Antechinus_minimus,mammals
Antechinus_subtropicus,mammals
Antechinus_swainsonii,mammals
Aprasia_parapulchella,reptiles
Aprasia_striolata,reptiles
Aspidites_ramsayi,reptiles
Assa_darlingtoni,amphibians
Austrelaps_labialis,reptiles
Austrochaperina_adelphe,amphibians
Austrochaperina_fryi,amphibians
Austrochaperina_pluvialis,amphibians
Bellatorias_frerei,reptiles
Bellatorias_major,reptiles
Bellatorias_obiri,reptiles
Boiga_irregularis,reptiles
Bos_javanicus,mammals
Brachyurophis_australis,reptiles
Brachyurophis_incinctus,reptiles
Brachyurophis_morrisi,reptiles
Brachyurophis_semifasciatus,reptiles
Burramys_parvus,mammals
Calyptotis_lepidorostrum,reptiles
Calyptotis_ruficauda,reptiles
Calyptotis_scutirostrum,reptiles
Calyptotis_temporalis,reptiles
Canis_lupus,mammals
Carlia_gracilis,reptiles
Carlia_jarnoldae,reptiles
Carlia_munda,reptiles
Carlia_mundivensis,reptiles
Carlia_rimula,reptiles
Carlia_rostralis,reptiles
Carlia_sexdentata,reptiles
Carlia_vivax,reptiles
Carphodactylus_laevis,reptiles
Cercartetus_lepidus,mammals
Cercartetus_nanus,mammals
Chalinolobus_gouldii,mammals
Chalinolobus_morio,mammals
Chalinolobus_nigrogriseus,mammals
Chelosania_brunnea,reptiles
Christinus_alexanderi,reptiles
Coeranoscincus_frontalis,reptiles
Coeranoscincus_reticulatus,reptiles
Conilurus_penicillatus,mammals
Cophixalus_aenigma,amphibians
Cophixalus_concinnus,amphibians
Cophixalus_crepitans,amphibians
Cophixalus_exiguus,amphibians
Cophixalus_hosmeri,amphibians
Cophixalus_infacetus,amphibians
Cophixalus_mcdonaldi,amphibians
Cophixalus_monticola,amphibians
Cophixalus_neglectus,amphibians
Cophixalus_saxatilis,amphibians
Cophixalus_zweifeli,amphibians
Crenadactylus_ocellatus,reptiles
Crinia_nimbus,amphibians
Crinia_parinsignifera,amphibians
Crinia_pseudinsignifera,amphibians
Crinia_remota,amphibians
Crinia_riparia,amphibians
Crinia_sloanei,amphibians
Crinia_subinsignifera,amphibians
Crinia_tasmaniensis,amphibians
Cryptoblepharus_ruber,reptiles
Cryptoblepharus_zoticus,reptiles
Cryptophis_nigrescens,reptiles
Ctenophorus_clayi,reptiles
Ctenophorus_cristatus,reptiles
Ctenophorus_gibba,reptiles
Ctenophorus_isolepis,reptiles
Ctenophorus_maculosus,reptiles
Ctenophorus_salinarum,reptiles
Ctenophorus_tjantjalka,reptiles
Ctenophorus_vadnappa,reptiles
Ctenotus_allotropis,reptiles
Ctenotus_ariadnae,reptiles
Ctenotus_arnhemensis,reptiles
Ctenotus_astarte,reptiles
Ctenotus_astictus,reptiles
Ctenotus_atlas,reptiles
Ctenotus_borealis,reptiles
Ctenotus_calurus,reptiles
Ctenotus_catenifer,reptiles
Ctenotus_coggeri,reptiles
Ctenotus_decaneurus,reptiles
Ctenotus_dux,reptiles
Ctenotus_euclae,reptiles
Ctenotus_gagudju,reptiles
Ctenotus_greeri,reptiles
Ctenotus_hanloni,reptiles
Ctenotus_hebetior,reptiles
Ctenotus_helenae,reptiles
Ctenotus_hilli,reptiles
Ctenotus_inornatus,reptiles
Ctenotus_joanae,reptiles
Ctenotus_kurnbudj,reptiles
Ctenotus_leae,reptiles
Ctenotus_leonhardii,reptiles
Ctenotus_militaris,reptiles
Ctenotus_mimetes,reptiles
Ctenotus_nasutus,reptiles
Ctenotus_olympicus,reptiles
Ctenotus_pallescens,reptiles
Ctenotus_pantherinus,reptiles
Ctenotus_piankai,reptiles
Ctenotus_pulchellus,reptiles
Ctenotus_quattuordecimlineatus,reptiles
Ctenotus_quirinus,reptiles
Ctenotus_septenarius,reptiles
Ctenotus_severus,reptiles
Ctenotus_storri,reptiles
Ctenotus_striaticeps,reptiles
Ctenotus_stuarti,reptiles
Ctenotus_tanamiensis,reptiles
Ctenotus_vertebralis,reptiles
Cyclorana_alboguttata,amphibians
Cyclorana_brevipes,amphibians
Cyclorana_cryptotis,amphibians
Cyclorana_longipes,amphibians
Cyclorana_maini,amphibians
Cyclorana_verrucosa,amphibians
Delma_borea,reptiles
Delma_butleri,reptiles
Delma_haroldi,reptiles
Delma_impar,reptiles
Delma_nasuta,reptiles
Delma_plebeia,reptiles
Delma_tincta,reptiles
Delma_torquata,reptiles
Demansia_atra,reptiles
Demansia_vestigiata,reptiles
Denisonia_devisi,reptiles
Denisonia_maculata,reptiles
Diplodactylus_calcicolus,reptiles
Diplodactylus_galeatus,reptiles
Diplodactylus_pulcher,reptiles
Diplodactylus_tessellatus,reptiles
Diplodactylus_wiru,reptiles
Diporiphora_albilabris,reptiles
Diporiphora_linga,reptiles
Diporiphora_pindan,reptiles
Diporiphora_reginae,reptiles
Egernia_major,reptiles
Egernia_modesta,reptiles
Egernia_napoleonis,reptiles
Emoia_longicauda,reptiles
Eptesicus_regulus,mammals
Eptesicus_vulturnus,mammals
Eremiascincus_richardsonii,reptiles
Eulamprus_brachysoma,reptiles
Eulamprus_kosciuskoi,reptiles
Eulamprus_leuraensis,reptiles
Eulamprus_murrayi,reptiles
Eulamprus_tryoni,reptiles
Eulamprus_tympanum,reptiles
Gehyra_catenata,reptiles
Gehyra_koira,reptiles
Gehyra_lazelli,reptiles
Gehyra_montium,reptiles
Gehyra_pilbara,reptiles
Geocrinia_laevis,amphibians
Geocrinia_leai,amphibians
Glaphyromorphus_cracens,reptiles
Glaphyromorphus_darwiniensis,reptiles
Glaphyromorphus_douglasi,reptiles
Glaphyromorphus_fuscicaudis,reptiles
Glaphyromorphus_isolepis,reptiles
Glaphyromorphus_mjobergi,reptiles
Glaphyromorphus_pumilus,reptiles
Gymnobelideus_leadbeateri,mammals
Heleioporus_albopunctatus,amphibians
Heleioporus_barycragus,amphibians
Heleioporus_inornatus,amphibians
Heleioporus_psammophilus,amphibians
Hemiergis_gracilipes,reptiles
Hemiergis_initialis,reptiles
Hemiergis_millewae,reptiles
Hemiergis_quadrilineata,reptiles
Heteronotia_binoei,reptiles
Hipposideros_ater,mammals
Hipposideros_semoni,mammals
Hipposideros_stenotis,mammals
Hoplocephalus_bitorquatus,reptiles
Hydromys_chrysogaster,mammals
Hypsilurus_boydii,reptiles
Hypsilurus_spinipes,reptiles
Hypsiprymnodon_moschatus,mammals
Kerivoula_papuensis,mammals
Lagorchestes_conspicillatus,mammals
Lampropholis_adonis,reptiles
Lampropholis_caligula,reptiles
Lampropholis_coggeri,reptiles
Lampropholis_elongata,reptiles
Lepidodactylus_lugubris,reptiles
Lerista_allanae,reptiles
Lerista_allochira,reptiles
Lerista_ameles,reptiles
Lerista_amicorum,reptiles
Lerista_apoda,reptiles
Lerista_arenicola,reptiles
Lerista_axillaris,reptiles
Lerista_baynesi,reptiles
Lerista_borealis,reptiles
Lerista_bunglebungle,reptiles
Lerista_chordae,reptiles
Lerista_christinae,reptiles
Lerista_cinerea,reptiles
Lerista_clara,reptiles
Lerista_colliveri,reptiles
Lerista_connivens,reptiles
Lerista_desertorum,reptiles
Lerista_elongata,reptiles
Lerista_eupoda,reptiles
Lerista_flammicauda,reptiles
Lerista_fragilis,reptiles
Lerista_gascoynensis,reptiles
Lerista_gerrardii,reptiles
Lerista_griffini,reptiles
Lerista_haroldi,reptiles
Lerista_humphriesi,reptiles
Lerista_ingrami,reptiles
Lerista_ips,reptiles
Lerista_jacksoni,reptiles
Lerista_kalumburu,reptiles
Lerista_kendricki,reptiles
Lerista_kennedyensis,reptiles
Lerista_kingi,reptiles
Lerista_lineata,reptiles
Lerista_micra,reptiles
Lerista_microtis,reptiles
Lerista_neander,reptiles
Lerista_nevinae,reptiles
Lerista_nichollsi,reptiles
Lerista_occulta,reptiles
Lerista_onsloviana,reptiles
Lerista_petersoni,reptiles
Lerista_praefrontalis,reptiles
Lerista_praepedita,reptiles
Lerista_puncticauda,reptiles
Lerista_quadrivincula,reptiles
Lerista_robusta,reptiles
Lerista_rochfordensis,reptiles
Lerista_rolfei,reptiles
Lerista_separanda,reptiles
Lerista_simillima,reptiles
Lerista_stictopleura,reptiles
Lerista_storri,reptiles
Lerista_timida,reptiles
Lerista_tridactyla,reptiles
Lerista_varia,reptiles
Lerista_verhmens,reptiles
Lerista_vermicularis,reptiles
Lerista_viduata,reptiles
Lerista_vittata,reptiles
Lerista_walkeri,reptiles
Lerista_wilkinsi,reptiles
Lerista_yuna,reptiles
Lerista_zietzi,reptiles
Lerista_zonulata,reptiles
Lialis_burtonis,reptiles
Liasis_fuscus,reptiles
Liburnascincus_scirtetis,reptiles
Limnodynastes_depressus,amphibians
Limnodynastes_fletcheri,amphibians
Limnodynastes_interioris,amphibians
Limnodynastes_lignarius,amphibians
Limnodynastes_tasmaniensis,amphibians
Limnodynastes_terraereginae,amphibians
Liopholis_guthega,reptiles
Liopholis_modesta,reptiles
Liopholis_montana,reptiles
Liopholis_multiscutata,reptiles
Liopholis_whitii,reptiles
Lissolepis_coventryi,reptiles
Litoria_brevipalmata,amphibians
Litoria_burrowsae,amphibians
Litoria_cooloolensis,amphibians
Litoria_coplandi,amphibians
Litoria_cryptotis,amphibians
Litoria_dahlii,amphibians
Litoria_daviesae,amphibians
Litoria_dayi,amphibians
Litoria_dorsalis,amphibians
Litoria_eucnemis,amphibians
Litoria_fallax,amphibians
Litoria_freycineti,amphibians
Litoria_genimaculata,amphibians
Litoria_inermis,amphibians
Litoria_littlejohni,amphibians
Litoria_maculosa,amphibians
Litoria_maini,amphibians
Litoria_meiriana,amphibians
Litoria_microbelos,amphibians
Litoria_nasuta,amphibians
Litoria_novaehollandiae,amphibians
Litoria_nudidigita,amphibians
Litoria_olongburensis,amphibians
Litoria_paraewingi,amphibians
Litoria_pearsoniana,amphibians
Litoria_piperata,amphibians
Litoria_platycephala,amphibians
Litoria_revelata,amphibians
Litoria_rheocola,amphibians
Litoria_spenceri,amphibians
Litoria_splendida,amphibians
Litoria_subglandulosa,amphibians
Litoria_watjulumensis,amphibians
Litoria_wilcoxii,amphibians
Litoria_xanthomera,amphibians
Lophognathus_burnsi,reptiles
Lucasium_bungabinna,reptiles
Lucasium_occultum,reptiles
Lucasium_squarrosum,reptiles
Lygisaurus_aeratus,reptiles
Lygisaurus_laevis,reptiles
Lygisaurus_sesbrauna,reptiles
Macropus_bernardus,mammals
Macropus_parryi,mammals
Macropus_robustus,mammals
Melomys_capensis,mammals
Menetia_greyii,reptiles
Menetia_maini,reptiles
Mesembriomys_gouldii,mammals
Miniopterus_australis,mammals
Mixophyes_balbus,amphibians
Mixophyes_fleayi,amphibians
Mixophyes_iteratus,amphibians
Mixophyes_schevilli,amphibians
Morelia_oenpelliensis,reptiles
Morelia_spilota,reptiles
Morelia_viridis,reptiles
Morethia_ruficauda,reptiles
Morethia_storri,reptiles
Morethia_taeniopleura,reptiles
Mus_musculus,mammals
Myotis_macropus,mammals
Nactus_cheverti,reptiles
Nactus_eboracensis,reptiles
Nactus_galgajuga,reptiles
Neelaps_calonotus,reptiles
Neobatrachus_sutor,amphibians
Nephrurus_deleani,reptiles
Nephrurus_stellatus,reptiles
Ningaui_ridei,mammals
Niveoscincus_greeni,reptiles
Niveoscincus_microlepidotus,reptiles
Niveoscincus_ocellatus,reptiles
Niveoscincus_orocryptus,reptiles
Niveoscincus_pretiosus,reptiles
Notomys_aquilo,mammals
Notoryctes_typhlops,mammals
Notoscincus_ornatus,reptiles
Nyctimystes_dayi,amphibians
Nyctophilus_arnhemensis,mammals
Nyctophilus_geoffroyi,mammals
Nyctophilus_sherrini,mammals
Nyctophilus_timoriensis,mammals
Oedura_gemmata,reptiles
Oedura_monilis,reptiles
Onychogalea_fraenata,mammals
Ophidiocephalus_taeniatus,reptiles
Ophioscincus_truncatus,reptiles
Ornithorhynchus_anatinus,mammals
Oxyuranus_microlepidotus,reptiles
Parasuta_flagellum,reptiles
Parasuta_gouldii,reptiles
Petaurus_australis,mammals
Petaurus_breviceps,mammals
Petaurus_norfolcensis,mammals
Petrogale_coenensis,mammals
Petrogale_concinna,mammals
Petrogale_herberti,mammals
Petrogale_lateralis,mammals
Petrogale_persephone,mammals
Petrogale_purpureicollis,mammals
Petrogale_sharmani,mammals
Petropseudes_dahli,mammals
Phascogale_pirata,mammals
Phascogale_tapoatafa,mammals
Philoria_frosti,amphibians
Philoria_kundagungan,amphibians
Philoria_loveridgei,amphibians
Philoria_pughi,amphibians
Philoria_richmondensis,amphibians
Philoria_sphagnicolus,amphibians
Phyllurus_caudiannulatus,reptiles
Pipistrellus_westralis,mammals
Pogona_henrylawsoni,reptiles
Pogona_mitchelli,reptiles
Pogona_nullarbor,reptiles
Proablepharus_kinghorni,reptiles
Proablepharus_reginae,reptiles
Proablepharus_tenuis,reptiles
Pseudantechinus_bilarni,mammals
Pseudantechinus_mimulus,mammals
Pseudantechinus_ningbing,mammals
Pseudechis_australis,reptiles
Pseudechis_guttatus,reptiles
Pseudemoia_baudini,reptiles
Pseudemoia_cryodroma,reptiles
Pseudemoia_pagenstecheri,reptiles
Pseudemoia_rawlinsoni,reptiles
Pseudemoia_spenceri,reptiles
Pseudomys_bolami,mammals
Pseudomys_calabyi,mammals
Pseudomys_fumeus,mammals
Pseudomys_fuscus,mammals
Pseudomys_hermannsburgensis,mammals
Pseudomys_higginsi,mammals
Pseudomys_novaehollandiae,mammals
Pseudomys_oralis,mammals
Pseudomys_pilligaensis,mammals
Pseudonaja_affinis,reptiles
Pseudonaja_inframacula,reptiles
Pseudonaja_ingrami,reptiles
Pseudophryne_guentheri,amphibians
Pseudophryne_major,amphibians
Pseudophryne_pengilleyi,amphibians
Pseudothecadactylus_australis,reptiles
Pteropus_scapulatus,mammals
Pygopus_schraderi,reptiles
Pygopus_steelescotti,reptiles
Ramphotyphlops_bicolor,reptiles
Ramphotyphlops_diversus,reptiles
Ramphotyphlops_grypus,reptiles
Ramphotyphlops_kimberleyensis,reptiles
Ramphotyphlops_ligatus,reptiles
Ramphotyphlops_tovelli,reptiles
Rana_daemeli,amphibians
Rattus_exulans,mammals
Rattus_fuscipes,mammals
Rheobatrachus_silus,amphibians
Rhinolophus_philippinensis,mammals
Rhinoplocephalus_nigrescens,reptiles
Rhinoplocephalus_nigrostriatus,reptiles
Saccolaimus_flaviventris,mammals
Saproscincus_basiliscus,reptiles
Saproscincus_czechurai,reptiles
Saproscincus_oriarus,reptiles
Saproscincus_rosei,reptiles
Saproscincus_spectabilis,reptiles
Saproscincus_tetradactylus,reptiles
Scoteanax_rueppellii,mammals
Scotorepens_greyii,mammals
Scotorepens_sanborni,mammals
Simoselaps_anomalus,reptiles
Simoselaps_roperi,reptiles
Simoselaps_semifasciatus,reptiles
Sminthopsis_aitkeni,mammals
Sminthopsis_bindi,mammals
Sminthopsis_butleri,mammals
Sminthopsis_crassicaudata,mammals
Sminthopsis_gilberti,mammals
Sminthopsis_hirtipes,mammals
Sminthopsis_leucopus,mammals
Sminthopsis_longicaudata,mammals
Sminthopsis_psammophila,mammals
Sminthopsis_virginiae,mammals
Strophurus_ciliaris,reptiles
Strophurus_elderi,reptiles
Strophurus_jeanae,reptiles
Strophurus_krisalys,reptiles
Strophurus_robinsoni,reptiles
Strophurus_taeniatus,reptiles
Suta_flagellum,reptiles
Tachyglossus_aculeatus,mammals
Taphozous_hilli,mammals
Taphozous_kapalgensis,mammals
Taudactylus_diurnus,amphibians
Taudactylus_eungellensis,amphibians
Taudactylus_rheophilus,amphibians
Thylogale_stigmatica,mammals
Tiliqua_adelaidensis,reptiles
Tiliqua_multifasciata,reptiles
Tiliqua_occipitalis,reptiles
Tiliqua_rugosa,reptiles
Tiliqua_scincoides,reptiles
Trichosurus_cunninghami,mammals
Tympanocryptis_houstoni,reptiles
Tympanocryptis_pinguicolla,reptiles
Tympanocryptis_tetraporophora,reptiles
Uperoleia_altissima,amphibians
Uperoleia_daviesae,amphibians
Uperoleia_fusca,amphibians
Uperoleia_lithomoda,amphibians
Uperoleia_littlejohni,amphibians
Uperoleia_martini,amphibians
Uperoleia_mimula,amphibians
Uperoleia_mjobergii,amphibians
Uperoleia_tyleri,amphibians
Varanus_baritji,reptiles
Varanus_brevicauda,reptiles
Varanus_caudolineatus,reptiles
Varanus_eremius,reptiles
Varanus_giganteus,reptiles
Varanus_glebopalma,reptiles
Varanus_gouldii,reptiles
Varanus_indicus,reptiles
Varanus_rosenbergi,reptiles
Varanus_spenceri,reptiles
Varanus_storri,reptiles
Varanus_tristis,reptiles
Vespadelus_baverstocki,mammals
Vespadelus_douglasorum,mammals
Vespadelus_troughtoni,mammals
Vulpes_vulpes,mammals
Wallabia_bicolor,mammals
Xeromys_myoides,mammals
Zyzomys_maini,mammals
Zyzomys_pedunculatus,mammals
Acanthophis_antarcticus,reptiles
Acanthophis_pyrrhus,reptiles
Acrobates_pygmaeus,mammals
Adelotus_brevis,amphibians
Amphibolurus_muricatus,reptiles
Amphibolurus_nobbi,reptiles
Anomalopus_leuckartii,reptiles
Anomalopus_swansoni,reptiles
Anomalopus_verreauxii,reptiles
Antaresia_maculosa,reptiles
Antechinomys_laniger,mammals
Antechinus_flavipes,mammals
Antechinus_godmani,mammals
Antechinus_leo,mammals
Aprasia_aurita,reptiles
Aprasia_inaurita,reptiles
Aprasia_pseudopulchella,reptiles
Austrelaps_ramsayi,reptiles
Bettongia_lesueur,mammals
Bettongia_penicillata,mammals
Brachyurophis_fasciolatus,reptiles
Brachyurophis_roperi,reptiles
Cacophis_harriettae,reptiles
Cacophis_krefftii,reptiles
Cacophis_squamulosus,reptiles
Carlia_amax,reptiles
Carlia_johnstonei,reptiles
Carlia_pectoralis,reptiles
Carlia_rubrigularis,reptiles
Carlia_rufilatus,reptiles
Carlia_schmeltzii,reptiles
Carlia_storri,reptiles
Carlia_triacantha,reptiles
Chaerephon_jobensis,mammals
Chalinolobus_dwyeri,mammals
Chalinolobus_picatus,mammals
Chlamydosaurus_kingii,reptiles
Christinus_marmoratus,reptiles
Cophixalus_bombiens,amphibians
Crinia_bilingua,amphibians
Crinia_deserticola,amphibians
Crinia_georgiana,amphibians
Crinia_insignifera,amphibians
Crinia_signifera,amphibians
Cryptoblepharus_australis,reptiles
Cryptoblepharus_litoralis,reptiles
Cryptoblepharus_metallicus,reptiles
Cryptoblepharus_ochrus,reptiles
Cryptoblepharus_plagiocephalus,reptiles
Cryptoblepharus_virgatus,reptiles
Ctenophorus_caudicinctus,reptiles
Ctenophorus_femoralis,reptiles
Ctenophorus_fordi,reptiles
Ctenophorus_nuchalis,reptiles
Ctenophorus_parviceps,reptiles
Ctenophorus_pictus,reptiles
Ctenophorus_reticulatus,reptiles
Ctenophorus_rufescens,reptiles
Ctenotus_alacer,reptiles
Ctenotus_brooksi,reptiles
Ctenotus_eurydice,reptiles
Ctenotus_grandis,reptiles
Ctenotus_rimacolus,reptiles
Ctenotus_robustus,reptiles
Ctenotus_saxatilis,reptiles
Ctenotus_schevilli,reptiles
Ctenotus_schomburgkii,reptiles
Ctenotus_spaldingi,reptiles
Ctenotus_strauchii,reptiles
Cyclorana_australis,amphibians
Cyclorana_cultripes,amphibians
Cyclorana_platycephala,amphibians
Cyrtodactylus_tuberculatus,reptiles
Dasycercus_cristicauda,mammals
Dasyurus_geoffroii,mammals
Dasyurus_hallucatus,mammals
Dasyurus_maculatus,mammals
Delma_australis,reptiles
Delma_inornata,reptiles
Delma_molleri,reptiles
Delma_petersoni,reptiles
Demansia_papuensis,reptiles
Demansia_psammophis,reptiles
Demansia_quaesitor,reptiles
Demansia_rimicola,reptiles
Demansia_simplex,reptiles
Demansia_torquata,reptiles
Dendrelaphis_calligastra,reptiles
Dendrelaphis_punctulatus,reptiles
Dendrolagus_lumholtzi,mammals
Diplodactylus_damaeum,reptiles
Diplodactylus_furcosus,reptiles
Diporiphora_arnhemica,reptiles
Diporiphora_bennettii,reptiles
Diporiphora_lalliae,reptiles
Diporiphora_magna,reptiles
Diporiphora_winneckei,reptiles
Drysdalia_coronoides,reptiles
Drysdalia_mastersii,reptiles
Drysdalia_rhodogaster,reptiles
Echiopsis_curta,reptiles
Egernia_cunninghami,reptiles
Egernia_mcpheei,reptiles
Egernia_richardi,reptiles
Egernia_stokesii,reptiles
Egernia_striolata,reptiles
Egernia_whitii,reptiles
Emoia_atrocostata,reptiles
Eremiascincus_fasciolatus,reptiles
Eulamprus_martini,reptiles
Eulamprus_quoyii,reptiles
Furina_diadema,reptiles
Furina_ornata,reptiles
Furina_tristis,reptiles
Gehyra_australis,reptiles
Gehyra_dubia,reptiles
Gehyra_nana,reptiles
Gehyra_occidentalis,reptiles
Gehyra_pamela,reptiles
Gehyra_purpurascens,reptiles
Gehyra_robusta,reptiles
Gehyra_variegata,reptiles
Glaphyromorphus_crassicaudus,reptiles
Glaphyromorphus_nigricaudis,reptiles
Glaphyromorphus_pardalis,reptiles
Glaphyromorphus_punctulatus,reptiles
Gnypetoscincus_queenslandiae,reptiles
Heleioporus_australiacus,amphibians
Heleioporus_eyrei,amphibians
Hemiaspis_signata,reptiles
Hemibelideus_lemuroides,mammals
Hemiergis_peronii,reptiles
Heteronotia_planiceps,reptiles
Hipposideros_cervinus,mammals
Hoplocephalus_bungaroides,reptiles
Hoplocephalus_stephensii,reptiles
Isoodon_auratus,mammals
Isoodon_macrourus,mammals
Isoodon_obesulus,mammals
Lagorchestes_hirsutus,mammals
Lampropholis_amicula,reptiles
Lampropholis_guichenoti,reptiles
Leggadina_forresti,mammals
Leggadina_lakedownensis,mammals
Lerista_carpentariae,reptiles
Lerista_distinguenda,reptiles
Lerista_frosti,reptiles
Lerista_greeri,reptiles
Lerista_karlschmidti,reptiles
Lerista_labialis,reptiles
Lerista_lineopunctulata,reptiles
Lerista_muelleri,reptiles
Lerista_picturata,reptiles
Lerista_planiventralis,reptiles
Lerista_punctatovittata,reptiles
Lerista_speciosa,reptiles
Lerista_stylis,reptiles
Liasis_olivaceus,reptiles
Limnodynastes_convexiusculus,amphibians
Limnodynastes_dumerilii,amphibians
Limnodynastes_ornatus,amphibians
Limnodynastes_peronii,amphibians
Limnodynastes_salmini,amphibians
Limnodynastes_spenceri,amphibians
Liopholis_inornata,reptiles
Liopholis_kintorei,reptiles
Liopholis_striata,reptiles
Litoria_adelaidensis,amphibians
Litoria_alboguttata,amphibians
Litoria_aurea,amphibians
Litoria_bicolor,amphibians
Litoria_chloris,amphibians
Litoria_citropa,amphibians
Litoria_cultripes,amphibians
Litoria_cyclorhyncha,amphibians
Litoria_dentata,amphibians
Litoria_ewingii,amphibians
Litoria_gilleni,amphibians
Litoria_latopalmata,amphibians
Litoria_lesueuri,amphibians
Litoria_longipes,amphibians
Litoria_moorei,amphibians
Litoria_nigrofrenata,amphibians
Litoria_nyakalensis,amphibians
Litoria_pallida,amphibians
Litoria_peronii,amphibians
Litoria_personata,amphibians
Litoria_rothii,amphibians
Litoria_verreauxii,amphibians
Lophognathus_temporalis,reptiles
Lucasium_byrnei,reptiles
Lucasium_damaeum,reptiles
Lucasium_immaculatum,reptiles
Lucasium_stenodactylum,reptiles
Lygisaurus_foliorum,reptiles
Lygisaurus_macfarlani,reptiles
Lygisaurus_tanneri,reptiles
Macropus_agilis,mammals
Macropus_antilopinus,mammals
Macropus_dorsalis,mammals
Macropus_fuliginosus,mammals
Macropus_rufogriseus,mammals
Macropus_rufus,mammals
Macrotis_lagotis,mammals
Mastacomys_fuscus,mammals
Melomys_burtoni,mammals
Menetia_alanae,reptiles
Menetia_concinna,reptiles
Miniopterus_schreibersii,mammals
Mixophyes_fasciolatus,amphibians
Moloch_horridus,reptiles
Morethia_adelaidensis,reptiles
Morethia_boulengeri,reptiles
Morethia_obscura,reptiles
Nannoscincus_maccoyi,reptiles
Neobatrachus_albipes,amphibians
Neobatrachus_aquilonius,amphibians
Neobatrachus_kunapalari,amphibians
Neobatrachus_pictus,amphibians
Neobatrachus_sudelli,amphibians
Nephrurus_amyae,reptiles
Nephrurus_laevissimus,reptiles
Nephrurus_levis,reptiles
Nephrurus_milii,reptiles
Nephrurus_sheai,reptiles
Ningaui_yvonneae,mammals
Notaden_bennettii,amphibians
Notaden_melanoscaphus,amphibians
Notaden_nichollsi,amphibians
Notechis_ater,reptiles
Notechis_scutatus,reptiles
Notomys_cervinus,mammals
Notomys_fuscus,mammals
Notomys_mitchellii,mammals
Nyctimene_robinsoni,mammals
Nyctophilus_gouldi,mammals
Nyctophilus_walkeri,mammals
Oedura_coggeri,reptiles
Oedura_lesueurii,reptiles
Oedura_marmorata,reptiles
Oedura_rhombifer,reptiles
Oedura_robusta,reptiles
Oedura_tryoni,reptiles
Onychogalea_unguifera,mammals
Parasuta_nigriceps,reptiles
Petauroides_volans,mammals
Petrogale_brachyotis,mammals
Petrogale_godmani,mammals
Petrogale_inornata,mammals
Phascolarctos_cinereus,mammals
Phyllurus_platurus,reptiles
Physignathus_lesueurii,reptiles
Pipistrellus_adamsi,mammals
Planigale_gilesi,mammals
Planigale_maculata,mammals
Planigale_tenuirostris,mammals
Pogona_barbata,reptiles
Pogona_minor,reptiles
Pogona_vitticeps,reptiles
Potorous_longipes,mammals
Pseudantechinus_macdonnellensis,mammals
Pseudechis_porphyriacus,reptiles
Pseudochirops_archeri,mammals
Pseudochirulus_herbertensis,mammals
Pseudomys_australis,mammals
Pseudomys_delicatulus,mammals
Pseudomys_gracilicaudatus,mammals
Pseudomys_nanus,mammals
Pseudomys_shortridgei,mammals
Pseudonaja_nuchalis,reptiles
Pseudophryne_corroboree,amphibians
Pteropus_conspicillatus,mammals
Pteropus_poliocephalus,mammals
Ramphotyphlops_bituberculatus,reptiles
Ramphotyphlops_braminus,reptiles
Ramphotyphlops_centralis,reptiles
Ramphotyphlops_guentheri,reptiles
Ramphotyphlops_polygrammicus,reptiles
Ramphotyphlops_proximus,reptiles
Ramphotyphlops_wiedii,reptiles
Ramphotyphlops_yirrikalae,reptiles
Rattus_colletti,mammals
Rattus_leucopus,mammals
Rattus_lutreolus,mammals
Rattus_tunneyi,mammals
Rattus_villosissimus,mammals
Rhynchoedura_ornata,reptiles
Saltuarius_cornutus,reptiles
Saltuarius_swaini,reptiles
Saproscincus_challengeri,reptiles
Scotorepens_balstoni,mammals
Scotorepens_orion,mammals
Simoselaps_australis,reptiles
Simoselaps_bertholdi,reptiles
Sminthopsis_dolichura,mammals
Sminthopsis_macroura,mammals
Sminthopsis_ooldea,mammals
Strophurus_assimilis,reptiles
Strophurus_intermedius,reptiles
Strophurus_spinigerus,reptiles
Strophurus_williamsi,reptiles
Suta_gouldii,reptiles
Suta_punctata,reptiles
Suta_suta,reptiles
Syconycteris_australis,mammals
Tadarida_australis,mammals
Taphozous_georgianus,mammals
Thylogale_thetis,mammals
Tiliqua_nigrolutea,reptiles
Trichosurus_caninus,mammals
Trichosurus_vulpecula,mammals
Tropidonophis_mairii,reptiles
Tympanocryptis_lineata,reptiles
Uperoleia_arenicola,amphibians
Uperoleia_borealis,amphibians
Uperoleia_inundata,amphibians
Uperoleia_laevigata,amphibians
Uperoleia_micromeles,amphibians
Uperoleia_orientalis,amphibians
Uperoleia_rugosa,amphibians
Uperoleia_trachyderma,amphibians
Varanus_acanthurus,reptiles
Varanus_gilleni,reptiles
Varanus_mertensi,reptiles
Varanus_primordius,reptiles
Varanus_varius,reptiles
Vermicella_annulata,reptiles
Vermicella_multifasciata,reptiles
Vespadelus_caurinus,mammals
Vespadelus_finlaysoni,mammals
Vespadelus_pumilus,mammals
Vespadelus_regulus,mammals
Vespadelus_vulturnus,mammals
Vombatus_ursinus,mammals
Zyzomys_argurus,mammals
Zyzomys_palatalis,mammals
Egernia_depressa,reptiles
Egernia_formosa,reptiles
Litoria_australis,amphibians
Onychogalea_lunata,mammals
Carlia_tetradactyla,reptiles
Diplodactylus_conspicillatus,reptiles
Harrisoniascincus_zia,reptiles
Oedura_castelnaui,reptiles
Ramphotyphlops_endoterus,reptiles
Aepyprymnus_rufescens,mammals
Antechinus_agilis,mammals
Aspidites_melanocephalus,reptiles
Austrelaps_superbus,reptiles
Bettongia_gaimardi,mammals
Crinia_glauerti,amphibians
Cryptophis_boschmai,reptiles
Cryptophis_pallidiceps,reptiles
Ctenophorus_maculatus,reptiles
Ctenophorus_ornatus,reptiles
Ctenophorus_scutulatus,reptiles
Ctenotus_colletti,reptiles
Ctenotus_essingtonii,reptiles
Ctenotus_fallens,reptiles
Ctenotus_impar,reptiles
Ctenotus_labillardieri,reptiles
Ctenotus_orientalis,reptiles
Ctenotus_taeniolatus,reptiles
Ctenotus_uber,reptiles
Cyclorana_novaehollandiae,amphibians
Dasyuroides_byrnei,mammals
Dasyurus_viverrinus,mammals
Delma_fraseri,reptiles
Demansia_olivacea,reptiles
Diplodactylus_granariensis,reptiles
Diplodactylus_vittatus,reptiles
Drysdalia_coronata,reptiles
Egernia_kingii,reptiles
Eulamprus_heatwolei,reptiles
Eulamprus_tenuis,reptiles
Falsistrellus_tasmaniensis,mammals
Gehyra_borroloola,reptiles
Gehyra_minuta,reptiles
Gehyra_punctata,reptiles
Geocrinia_victoriana,amphibians
Hemiaspis_damelii,reptiles
Heteronotia_spelea,reptiles
Hipposideros_diadema,mammals
Lechriodus_fletcheri,amphibians
Lerista_aericeps,reptiles
Lerista_bipes,reptiles
Lerista_bougainvillii,reptiles
Lerista_dorsalis,reptiles
Lerista_edwardsae,reptiles
Lerista_elegans,reptiles
Lerista_emmotti,reptiles
Lerista_macropisthopus,reptiles
Lerista_terdigitata,reptiles
Lerista_uniduo,reptiles
Lerista_xanthura,reptiles
Limnodynastes_dorsalis,amphibians
Liopholis_margaretae,reptiles
Liopholis_slateri,reptiles
Litoria_booroolongensis,amphibians
Litoria_castanea,amphibians
Litoria_gracilenta,amphibians
Litoria_infrafrenata,amphibians
Litoria_jervisiensis,amphibians
Litoria_nannotis,amphibians
Litoria_phyllochroa,amphibians
Litoria_raniformis,amphibians
Litoria_rubella,amphibians
Litoria_tornieri,amphibians
Litoria_tyleri,amphibians
Lophognathus_gilberti,reptiles
Lophognathus_longirostris,reptiles
Lucasium_maini,reptiles
Lucasium_steindachneri,reptiles
Macroderma_gigas,mammals
Macroglossus_minimus,mammals
Macropus_eugenii,mammals
Macropus_giganteus,mammals
Macropus_parma,mammals
Melomys_cervinipes,mammals
Mesembriomys_macrurus,mammals
Morelia_amethistina,reptiles
Morethia_butleri,reptiles
Morethia_lineoocellata,reptiles
Mormopterus_beccarii,mammals
Neelaps_bimaculatus,reptiles
Neobatrachus_centralis,amphibians
Neobatrachus_pelobatoides,amphibians
Nephrurus_asper,reptiles
Nephrurus_vertebralis,reptiles
Nephrurus_wheeleri,reptiles
Niveoscincus_coventryi,reptiles
Niveoscincus_metallicus,reptiles
Notomys_alexis,mammals
Nyctophilus_bifax,mammals
Nyctophilus_major,mammals
Oedura_gracilis,reptiles
Oxyuranus_scutellatus,reptiles
Parasuta_dwyeri,reptiles
Parasuta_monachus,reptiles
Parasuta_spectabilis,reptiles
Perameles_gunnii,mammals
Perameles_nasuta,mammals
Petrogale_penicillata,mammals
Petrogale_rothschildi,mammals
Petrogale_xanthopus,mammals
Phascogale_calura,mammals
Planigale_ingrami,mammals
Potorous_tridactylus,mammals
Pseudemoia_entrecasteauxii,reptiles
Pseudomys_apodemoides,mammals
Pseudomys_desertor,mammals
Pseudomys_johnsoni,mammals
Pseudomys_occidentalis,mammals
Pseudonaja_guttata,reptiles
Pseudonaja_modesta,reptiles
Pseudonaja_textilis,reptiles
Pseudophryne_australis,amphibians
Pseudophryne_bibronii,amphibians
Pseudophryne_coriacea,amphibians
Pseudophryne_dendyi,amphibians
Pseudophryne_occidentalis,amphibians
Pseudophryne_semimarmorata,amphibians
Pseudothecadactylus_lindneri,reptiles
Pteropus_alecto,mammals
Pygopus_lepidopodus,reptiles
Pygopus_nigriceps,reptiles
Ramphotyphlops_australis,reptiles
Ramphotyphlops_waitii,reptiles
Rankinia_diemensis,reptiles
Rattus_sordidus,mammals
Rhinella_marina,amphibians
Rhinolophus_megaphyllus,mammals
Rhinonicteris_aurantia,mammals
Saiphos_equalis,reptiles
Sarcophilus_harrisii,mammals
Setonix_brachyurus,mammals
Sminthopsis_griseoventer,mammals
Sminthopsis_murina,mammals
Sminthopsis_youngsoni,mammals
Stegonotus_cucullatus,reptiles
Suta_dwyeri,reptiles
Suta_nigriceps,reptiles
Suta_spectabilis,reptiles
Taphozous_australis,mammals
Taudactylus_acutirostris,amphibians
Thylogale_billardierii,mammals
Tropidechis_carinatus,reptiles
Tympanocryptis_centralis,reptiles
Tympanocryptis_cephalus,reptiles
Tympanocryptis_intima,reptiles
Tympanocryptis_uniformis,reptiles
Uperoleia_capitulata,amphibians
Uromys_caudimaculatus,mammals
Varanus_mitchelli,reptiles
Varanus_panoptes,reptiles
Vermicella_vermiformis,reptiles
Vespadelus_darlingtoni,mammals
Zyzomys_woodwardi,mammals
Antechinus_stuartii,mammals
Crinia_tinnula,amphibians
Cryptoblepharus_pannosus,reptiles
Cryptoblepharus_pulcher,reptiles
Ctenophorus_decresii,reptiles
Ctenophorus_fionni,reptiles
Ctenophorus_mckenziei,reptiles
Ctenotus_brevipes,reptiles
Ctenotus_ingrami,reptiles
Ctenotus_regius,reptiles
Ctenotus_taeniatus,reptiles
Ctenotus_tantillus,reptiles
Dactylopsila_trivirgata,mammals
Diporiphora_australis,reptiles
Diporiphora_bilineata,reptiles
Egernia_hosmeri,reptiles
Egernia_saxatilis,reptiles
Hemidactylus_frenatus,reptiles
Hemiergis_decresiensis,reptiles
Lampropholis_delicata,reptiles
Lasiorhinus_latifrons,mammals
Lerista_orientalis,reptiles
Litoria_caerulea,amphibians
Petrogale_mareeba,mammals
Pseudocheirus_peregrinus,mammals
Ramphotyphlops_nigrescens,reptiles
Ramphotyphlops_unguirostris,reptiles
Saproscincus_mustelinus,reptiles
Varanus_scalaris,reptiles
Notomys_amplus,mammals
